Model,Rank,WinRate,humaneval-python,java,javascript
DeepSeek-Coder-7b-instruct,1.0,0.7916666666666666,80.22,53.34,65.8
Phind-CodeLlama-34B-v2,2.0,0.7083333333333333,71.95,54.06,65.34
DeepSeek-Coder-33b-instruct,3.0,0.625,80.02,52.03,65.13
Phind-CodeLlama-34B-Python-v1,4.0,0.5416666666666666,70.22,48.72,66.24
Phind-CodeLlama-34B-v1,5.0,0.375,65.85,49.47,64.45
WizardCoder-Python-34B-V1.0,6.0,0.3333333333333333,70.73,44.94,55.28
DeepSeek-Coder-33b-base,7.0,0.08333333333333333,52.45,43.77,51.28
WizardCoder-Python-13B-V1.0,8.0,0.041666666666666664,62.19,41.77,48.45
